,Level_Id,Level_name,Room_uniqueId,Room_Id,Room_number,Room_name,ElementId,Element_uniqueId,Family,Typ,Category
0,245423,Level 2,e6ac360b-aaed-4c3b-a130-36b4c2ac9d13-000d1467,857191,206,Master Bedroom,457479,6cbabf1d-e8d0-47f0-ac4d-9a7923128d37-0006fb07,Single Window,Standard,Windows
1,245423,Level 2,e6ac360b-aaed-4c3b-a130-36b4c2ac9d13-000d1467,857191,206,Master Bedroom,485432,0e567bfb-4f86-412b-af6a-7a1cdb731324-00076838,Single Window,Standard,Windows
2,245423,Level 2,e6ac360b-aaed-4c3b-a130-36b4c2ac9d13-000d1467,857191,206,Master Bedroom,485679,0e567bfb-4f86-412b-af6a-7a1cdb731324-0007692f,Single-Flush,800 x 2100,Doors
3,245423,Level 2,e6ac360b-aaed-4c3b-a130-36b4c2ac9d13-000d1467,857191,206,Master Bedroom,418183,d85573c2-f8d5-46ae-966a-ac82fa18f500-00066187,Floor,Generic 300,Floors
4,245423,Level 2,e6ac360b-aaed-4c3b-a130-36b4c2ac9d13-000d1467,857191,206,Master Bedroom,428588,c85e5be0-d8d5-4148-836f-b55e711ef373-00068a2c,Basic Wall,SIP 202mm Wall - conc clad,Walls
5,245423,Level 2,e6ac360b-aaed-4c3b-a130-36b4c2ac9d13-000d1467,857191,206,Master Bedroom,428797,c85e5be0-d8d5-4148-836f-b55e711ef373-00068afd,Curtain Wall,SH_Curtain wall,Walls
6,245423,Level 2,e6ac360b-aaed-4c3b-a130-36b4c2ac9d13-000d1467,857191,206,Master Bedroom,428745,c85e5be0-d8d5-4148-836f-b55e711ef373-00068ac9,Basic Wall,SIP 202mm Wall - conc clad,Walls
7,245423,Level 2,e6ac360b-aaed-4c3b-a130-36b4c2ac9d13-000d1467,857191,206,Master Bedroom,430859,2fc77d67-1af0-4a43-aa66-c544d411df04-0006930b,Basic Wall,Interior - Partition,Walls
8,245423,Level 2,e6ac360b-aaed-4c3b-a130-36b4c2ac9d13-000d1467,857191,206,Master Bedroom,430064,2fc77d67-1af0-4a43-aa66-c544d411df04-00068ff0,Basic Wall,Interior - Partition,Walls
9,245423,Level 2,e6ac360b-aaed-4c3b-a130-36b4c2ac9d13-000d1467,857191,206,Master Bedroom,497540,6dd03812-90e2-4279-9751-5fbc3584962d-00079784,Basic Wall,Interior - Partition,Walls
10,245423,Level 2,e6ac360b-aaed-4c3b-a130-36b4c2ac9d13-000d1467,857191,206,Master Bedroom,429964,2fc77d67-1af0-4a43-aa66-c544d411df04-00068f8c,Basic Wall,Interior - Partition,Walls
11,245423,Level 2,e6ac360b-aaed-4c3b-a130-36b4c2ac9d13-000d1467,857191,206,Master Bedroom,243274,a6aa132d-ccd7-408f-b2f9-ed67350c8c3a-0003b64a,Basic Roof,SG Metal Panels roof,Roofs
12,245423,Level 2,e6ac360b-aaed-4c3b-a130-36b4c2ac9d13-000d146a,857194,207,Master Bath,420270,81595c38-a4c2-4a22-9ddf-5884d5e7382c-000669ae,Bathtub-TOTO-Nexus-FBF794S,01 Cotton,Plumbing Fixtures
13,245423,Level 2,e6ac360b-aaed-4c3b-a130-36b4c2ac9d13-000d146a,857194,207,Master Bath,499496,1ac40ecd-9b56-404a-8189-99248e0832e3-00079f28,Walvit_Hung Bowl_604118 W,Walvit,Generic Models
14,245423,Level 2,e6ac360b-aaed-4c3b-a130-36b4c2ac9d13-000d146a,857194,207,Master Bath,505974,96834e54-f091-4317-9b1a-bbe8b647201d-0007b876,Pocket_Slider_Door_5851,2.027 x 0.945,Doors
15,245423,Level 2,e6ac360b-aaed-4c3b-a130-36b4c2ac9d13-000d146a,857194,207,Master Bath,698859,f714ef06-3fa3-4b95-b3e7-bbbd1e6eda49-000aa9eb,Lavatory-TOTO-Luminist_Rectangle_Vessel_LLT151,Standard,Plumbing Fixtures
16,245423,Level 2,e6ac360b-aaed-4c3b-a130-36b4c2ac9d13-000d146a,857194,207,Master Bath,706288,95f3421a-5ae4-44aa-8d80-6871d132d631-000ac6f0,Single Window,Standard,Windows
17,245423,Level 2,e6ac360b-aaed-4c3b-a130-36b4c2ac9d13-000d146a,857194,207,Master Bath,937138,bac06658-19d8-494b-b87a-559081499f8f-000e4cb2,M_Shower Stall-2D,small,Plumbing Fixtures
18,245423,Level 2,e6ac360b-aaed-4c3b-a130-36b4c2ac9d13-000d146a,857194,207,Master Bath,418183,d85573c2-f8d5-46ae-966a-ac82fa18f500-00066187,Floor,Generic 300,Floors
19,245423,Level 2,e6ac360b-aaed-4c3b-a130-36b4c2ac9d13-000d146a,857194,207,Master Bath,428745,c85e5be0-d8d5-4148-836f-b55e711ef373-00068ac9,Basic Wall,SIP 202mm Wall - conc clad,Walls
20,245423,Level 2,e6ac360b-aaed-4c3b-a130-36b4c2ac9d13-000d146a,857194,207,Master Bath,429964,2fc77d67-1af0-4a43-aa66-c544d411df04-00068f8c,Basic Wall,Interior - Partition,Walls
21,245423,Level 2,e6ac360b-aaed-4c3b-a130-36b4c2ac9d13-000d146a,857194,207,Master Bath,497540,6dd03812-90e2-4279-9751-5fbc3584962d-00079784,Basic Wall,Interior - Partition,Walls
22,245423,Level 2,e6ac360b-aaed-4c3b-a130-36b4c2ac9d13-000d146a,857194,207,Master Bath,506797,96834e54-f091-4317-9b1a-bbe8b647201d-0007bbad,Basic Wall,Interior - Partition,Walls
23,245423,Level 2,e6ac360b-aaed-4c3b-a130-36b4c2ac9d13-000d146a,857194,207,Master Bath,506386,96834e54-f091-4317-9b1a-bbe8b647201d-0007ba12,Basic Wall,Interior - Partition,Walls
24,245423,Level 2,e6ac360b-aaed-4c3b-a130-36b4c2ac9d13-000d146a,857194,207,Master Bath,430859,2fc77d67-1af0-4a43-aa66-c544d411df04-0006930b,Basic Wall,Interior - Partition,Walls
25,245423,Level 2,e6ac360b-aaed-4c3b-a130-36b4c2ac9d13-000d146a,857194,207,Master Bath,243274,a6aa132d-ccd7-408f-b2f9-ed67350c8c3a-0003b64a,Basic Roof,SG Metal Panels roof,Roofs
26,245423,Level 2,e6ac360b-aaed-4c3b-a130-36b4c2ac9d13-000d146d,857197,204,Bedroom,431064,2fc77d67-1af0-4a43-aa66-c544d411df04-000693d8,Single-Flush,800 x 2100,Doors
27,245423,Level 2,e6ac360b-aaed-4c3b-a130-36b4c2ac9d13-000d146d,857197,204,Bedroom,431198,2fc77d67-1af0-4a43-aa66-c544d411df04-0006945e,Single-Flush,800 x 2100,Doors
28,245423,Level 2,e6ac360b-aaed-4c3b-a130-36b4c2ac9d13-000d146d,857197,204,Bedroom,457534,6cbabf1d-e8d0-47f0-ac4d-9a7923128d37-0006fb3e,Single Window,Standard,Windows
29,245423,Level 2,e6ac360b-aaed-4c3b-a130-36b4c2ac9d13-000d146d,857197,204,Bedroom,418183,d85573c2-f8d5-46ae-966a-ac82fa18f500-00066187,Floor,Generic 300,Floors
30,245423,Level 2,e6ac360b-aaed-4c3b-a130-36b4c2ac9d13-000d146d,857197,204,Bedroom,428745,c85e5be0-d8d5-4148-836f-b55e711ef373-00068ac9,Basic Wall,SIP 202mm Wall - conc clad,Walls
31,245423,Level 2,e6ac360b-aaed-4c3b-a130-36b4c2ac9d13-000d146d,857197,204,Bedroom,937935,bac06658-19d8-494b-b87a-559081499f8f-000e4fcf,Basic Wall,Interior - Partition,Walls
32,245423,Level 2,e6ac360b-aaed-4c3b-a130-36b4c2ac9d13-000d146d,857197,204,Bedroom,430361,2fc77d67-1af0-4a43-aa66-c544d411df04-00069119,Basic Wall,Interior - Partition,Walls
33,245423,Level 2,e6ac360b-aaed-4c3b-a130-36b4c2ac9d13-000d146d,857197,204,Bedroom,430318,2fc77d67-1af0-4a43-aa66-c544d411df04-000690ee,Basic Wall,Interior - Partition,Walls
34,245423,Level 2,e6ac360b-aaed-4c3b-a130-36b4c2ac9d13-000d146d,857197,204,Bedroom,430064,2fc77d67-1af0-4a43-aa66-c544d411df04-00068ff0,Basic Wall,Interior - Partition,Walls
35,245423,Level 2,e6ac360b-aaed-4c3b-a130-36b4c2ac9d13-000d146d,857197,204,Bedroom,429964,2fc77d67-1af0-4a43-aa66-c544d411df04-00068f8c,Basic Wall,Interior - Partition,Walls
36,245423,Level 2,e6ac360b-aaed-4c3b-a130-36b4c2ac9d13-000d146d,857197,204,Bedroom,243274,a6aa132d-ccd7-408f-b2f9-ed67350c8c3a-0003b64a,Basic Roof,SG Metal Panels roof,Roofs
37,245423,Level 2,e6ac360b-aaed-4c3b-a130-36b4c2ac9d13-000d1470,857200,203,Bath,431144,2fc77d67-1af0-4a43-aa66-c544d411df04-00069428,Single-Flush,800 x 2100,Doors
38,245423,Level 2,e6ac360b-aaed-4c3b-a130-36b4c2ac9d13-000d1470,857200,203,Bath,489062,4269d745-d78a-4cca-860f-a55b170715ad-00077666,M_Skylight,1180 x 1170mm,Windows
39,245423,Level 2,e6ac360b-aaed-4c3b-a130-36b4c2ac9d13-000d1470,857200,203,Bath,937571,bac06658-19d8-494b-b87a-559081499f8f-000e4e63,Walvit_Hung Bowl_604118 W,Walvit,Generic Models
40,245423,Level 2,e6ac360b-aaed-4c3b-a130-36b4c2ac9d13-000d1470,857200,203,Bath,937572,bac06658-19d8-494b-b87a-559081499f8f-000e4e64,M_Shower Stall-2D,M_Shower Stall-2D,Plumbing Fixtures
41,245423,Level 2,e6ac360b-aaed-4c3b-a130-36b4c2ac9d13-000d1470,857200,203,Bath,937573,bac06658-19d8-494b-b87a-559081499f8f-000e4e65,Lavatory-TOTO-Luminist_Rectangle_Vessel_LLT151,Standard,Plumbing Fixtures
42,245423,Level 2,e6ac360b-aaed-4c3b-a130-36b4c2ac9d13-000d1470,857200,203,Bath,418183,d85573c2-f8d5-46ae-966a-ac82fa18f500-00066187,Floor,Generic 300,Floors
43,245423,Level 2,e6ac360b-aaed-4c3b-a130-36b4c2ac9d13-000d1470,857200,203,Bath,428745,c85e5be0-d8d5-4148-836f-b55e711ef373-00068ac9,Basic Wall,SIP 202mm Wall - conc clad,Walls
44,245423,Level 2,e6ac360b-aaed-4c3b-a130-36b4c2ac9d13-000d1470,857200,203,Bath,430412,2fc77d67-1af0-4a43-aa66-c544d411df04-0006914c,Basic Wall,Interior - Partition,Walls
45,245423,Level 2,e6ac360b-aaed-4c3b-a130-36b4c2ac9d13-000d1470,857200,203,Bath,430361,2fc77d67-1af0-4a43-aa66-c544d411df04-00069119,Basic Wall,Interior - Partition,Walls
46,245423,Level 2,e6ac360b-aaed-4c3b-a130-36b4c2ac9d13-000d1470,857200,203,Bath,937935,bac06658-19d8-494b-b87a-559081499f8f-000e4fcf,Basic Wall,Interior - Partition,Walls
47,245423,Level 2,e6ac360b-aaed-4c3b-a130-36b4c2ac9d13-000d1470,857200,203,Bath,243274,a6aa132d-ccd7-408f-b2f9-ed67350c8c3a-0003b64a,Basic Roof,SG Metal Panels roof,Roofs
48,245423,Level 2,e6ac360b-aaed-4c3b-a130-36b4c2ac9d13-000d1473,857203,205,Bath,431198,2fc77d67-1af0-4a43-aa66-c544d411df04-0006945e,Single-Flush,800 x 2100,Doors
49,245423,Level 2,e6ac360b-aaed-4c3b-a130-36b4c2ac9d13-000d1473,857203,205,Bath,488881,4269d745-d78a-4cca-860f-a55b170715ad-000775b1,M_Skylight,1180 x 1170mm,Windows
50,245423,Level 2,e6ac360b-aaed-4c3b-a130-36b4c2ac9d13-000d1473,857203,205,Bath,938761,bac06658-19d8-494b-b87a-559081499f8f-000e5309,Walvit_Hung Bowl_604118 W,Walvit,Generic Models
51,245423,Level 2,e6ac360b-aaed-4c3b-a130-36b4c2ac9d13-000d1473,857203,205,Bath,938762,bac06658-19d8-494b-b87a-559081499f8f-000e530a,M_Shower Stall-2D,M_Shower Stall-2D,Plumbing Fixtures
52,245423,Level 2,e6ac360b-aaed-4c3b-a130-36b4c2ac9d13-000d1473,857203,205,Bath,938763,bac06658-19d8-494b-b87a-559081499f8f-000e530b,Lavatory-TOTO-Luminist_Rectangle_Vessel_LLT151,Standard,Plumbing Fixtures
53,245423,Level 2,e6ac360b-aaed-4c3b-a130-36b4c2ac9d13-000d1473,857203,205,Bath,418183,d85573c2-f8d5-46ae-966a-ac82fa18f500-00066187,Floor,Generic 300,Floors
54,245423,Level 2,e6ac360b-aaed-4c3b-a130-36b4c2ac9d13-000d1473,857203,205,Bath,430318,2fc77d67-1af0-4a43-aa66-c544d411df04-000690ee,Basic Wall,Interior - Partition,Walls
55,245423,Level 2,e6ac360b-aaed-4c3b-a130-36b4c2ac9d13-000d1473,857203,205,Bath,768442,3195d1cb-ca2c-4181-b9c0-51da296667aa-000bb9ba,Basic Wall,Interior - Partition,Walls
56,245423,Level 2,e6ac360b-aaed-4c3b-a130-36b4c2ac9d13-000d1473,857203,205,Bath,938974,bac06658-19d8-494b-b87a-559081499f8f-000e53de,Basic Wall,Interior - Partition,Walls
57,245423,Level 2,e6ac360b-aaed-4c3b-a130-36b4c2ac9d13-000d1473,857203,205,Bath,939084,bac06658-19d8-494b-b87a-559081499f8f-000e544c,Basic Wall,Interior - Partition,Walls
58,245423,Level 2,e6ac360b-aaed-4c3b-a130-36b4c2ac9d13-000d1473,857203,205,Bath,243274,a6aa132d-ccd7-408f-b2f9-ed67350c8c3a-0003b64a,Basic Roof,SG Metal Panels roof,Roofs
59,245423,Level 2,e6ac360b-aaed-4c3b-a130-36b4c2ac9d13-000d1476,857206,202,Bedroom,430997,2fc77d67-1af0-4a43-aa66-c544d411df04-00069395,Single-Flush,800 x 2100,Doors
60,245423,Level 2,e6ac360b-aaed-4c3b-a130-36b4c2ac9d13-000d1476,857206,202,Bedroom,431144,2fc77d67-1af0-4a43-aa66-c544d411df04-00069428,Single-Flush,800 x 2100,Doors
61,245423,Level 2,e6ac360b-aaed-4c3b-a130-36b4c2ac9d13-000d1476,857206,202,Bedroom,457542,6cbabf1d-e8d0-47f0-ac4d-9a7923128d37-0006fb46,Single Window,Standard,Windows
62,245423,Level 2,e6ac360b-aaed-4c3b-a130-36b4c2ac9d13-000d1476,857206,202,Bedroom,418183,d85573c2-f8d5-46ae-966a-ac82fa18f500-00066187,Floor,Generic 300,Floors
63,245423,Level 2,e6ac360b-aaed-4c3b-a130-36b4c2ac9d13-000d1476,857206,202,Bedroom,234869,88b03b05-80d3-484f-8022-471f61604c8d-00039575,Basic Wall,Wall - Timber Clad,Walls
64,245423,Level 2,e6ac360b-aaed-4c3b-a130-36b4c2ac9d13-000d1476,857206,202,Bedroom,430064,2fc77d67-1af0-4a43-aa66-c544d411df04-00068ff0,Basic Wall,Interior - Partition,Walls
65,245423,Level 2,e6ac360b-aaed-4c3b-a130-36b4c2ac9d13-000d1476,857206,202,Bedroom,938974,bac06658-19d8-494b-b87a-559081499f8f-000e53de,Basic Wall,Interior - Partition,Walls
66,245423,Level 2,e6ac360b-aaed-4c3b-a130-36b4c2ac9d13-000d1476,857206,202,Bedroom,768442,3195d1cb-ca2c-4181-b9c0-51da296667aa-000bb9ba,Basic Wall,Interior - Partition,Walls
67,245423,Level 2,e6ac360b-aaed-4c3b-a130-36b4c2ac9d13-000d1476,857206,202,Bedroom,430412,2fc77d67-1af0-4a43-aa66-c544d411df04-0006914c,Basic Wall,Interior - Partition,Walls
68,245423,Level 2,e6ac360b-aaed-4c3b-a130-36b4c2ac9d13-000d1476,857206,202,Bedroom,428745,c85e5be0-d8d5-4148-836f-b55e711ef373-00068ac9,Basic Wall,SIP 202mm Wall - conc clad,Walls
69,245423,Level 2,e6ac360b-aaed-4c3b-a130-36b4c2ac9d13-000d1476,857206,202,Bedroom,243274,a6aa132d-ccd7-408f-b2f9-ed67350c8c3a-0003b64a,Basic Roof,SG Metal Panels roof,Roofs
70,245423,Level 2,e6ac360b-aaed-4c3b-a130-36b4c2ac9d13-000d1479,857209,201,Entry Hall,430997,2fc77d67-1af0-4a43-aa66-c544d411df04-00069395,Single-Flush,800 x 2100,Doors
71,245423,Level 2,e6ac360b-aaed-4c3b-a130-36b4c2ac9d13-000d1479,857209,201,Entry Hall,431064,2fc77d67-1af0-4a43-aa66-c544d411df04-000693d8,Single-Flush,800 x 2100,Doors
72,245423,Level 2,e6ac360b-aaed-4c3b-a130-36b4c2ac9d13-000d1479,857209,201,Entry Hall,485679,0e567bfb-4f86-412b-af6a-7a1cdb731324-0007692f,Single-Flush,800 x 2100,Doors
73,245423,Level 2,e6ac360b-aaed-4c3b-a130-36b4c2ac9d13-000d1479,857209,201,Entry Hall,498006,6dd03812-90e2-4279-9751-5fbc3584962d-00079956,Single Window,Standard,Windows
74,245423,Level 2,e6ac360b-aaed-4c3b-a130-36b4c2ac9d13-000d1479,857209,201,Entry Hall,554383,26038d85-c9ba-4b4e-a9e7-45840812e60d-0008758f,Single Window,Standard,Windows
75,245423,Level 2,e6ac360b-aaed-4c3b-a130-36b4c2ac9d13-000d1479,857209,201,Entry Hall,939962,bac06658-19d8-494b-b87a-559081499f8f-000e57ba,Pocket_Slider_Door_5851,2.027 x 0.945,Doors
76,245423,Level 2,e6ac360b-aaed-4c3b-a130-36b4c2ac9d13-000d1479,857209,201,Entry Hall,940221,bac06658-19d8-494b-b87a-559081499f8f-000e58bd,Pocket_Slider_Door_5851,2.027 x 0.945,Doors
77,245423,Level 2,e6ac360b-aaed-4c3b-a130-36b4c2ac9d13-000d1479,857209,201,Entry Hall,418183,d85573c2-f8d5-46ae-966a-ac82fa18f500-00066187,Floor,Generic 300,Floors
78,245423,Level 2,e6ac360b-aaed-4c3b-a130-36b4c2ac9d13-000d1479,857209,201,Entry Hall,234869,88b03b05-80d3-484f-8022-471f61604c8d-00039575,Basic Wall,Wall - Timber Clad,Walls
79,245423,Level 2,e6ac360b-aaed-4c3b-a130-36b4c2ac9d13-000d1479,857209,201,Entry Hall,709245,e2eeab38-f437-4dce-846b-cb64191c9fcc-000ad27d,Curtain Wall,SH_Curtain wall,Walls
80,245423,Level 2,e6ac360b-aaed-4c3b-a130-36b4c2ac9d13-000d1479,857209,201,Entry Hall,428588,c85e5be0-d8d5-4148-836f-b55e711ef373-00068a2c,Basic Wall,SIP 202mm Wall - conc clad,Walls
81,245423,Level 2,e6ac360b-aaed-4c3b-a130-36b4c2ac9d13-000d1479,857209,201,Entry Hall,429964,2fc77d67-1af0-4a43-aa66-c544d411df04-00068f8c,Basic Wall,Interior - Partition,Walls
82,245423,Level 2,e6ac360b-aaed-4c3b-a130-36b4c2ac9d13-000d1479,857209,201,Entry Hall,430064,2fc77d67-1af0-4a43-aa66-c544d411df04-00068ff0,Basic Wall,Interior - Partition,Walls
83,245423,Level 2,e6ac360b-aaed-4c3b-a130-36b4c2ac9d13-000d1479,857209,201,Entry Hall,243274,a6aa132d-ccd7-408f-b2f9-ed67350c8c3a-0003b64a,Basic Roof,SG Metal Panels roof,Roofs
84,311,Level 1,e6ac360b-aaed-4c3b-a130-36b4c2ac9d13-000d14bf,857279,101,Kitchen & Dining,211850,88b03b05-80d3-484f-8022-471f61604c8d-00033b8a,Sink-Offset-Kohler-Vault-3823_4,Steel-Stainless-NA,Plumbing Fixtures
85,311,Level 1,e6ac360b-aaed-4c3b-a130-36b4c2ac9d13-000d14bf,857279,101,Kitchen & Dining,213811,88b03b05-80d3-484f-8022-471f61604c8d-00034333,Faucet-8inch_Reach-Kohler-Purist-7507,Chrome-Polished_Chrome-CP,Plumbing Fixtures
86,311,Level 1,e6ac360b-aaed-4c3b-a130-36b4c2ac9d13-000d14bf,857279,101,Kitchen & Dining,680539,89b7d9e7-00a9-45d9-8498-e33a7de65df7-000a625b,Miele Induction Cooktop KM 6350 LPT,Miele Induction Cooktop 6350 LPT,Generic Models
87,311,Level 1,e6ac360b-aaed-4c3b-a130-36b4c2ac9d13-000d14bf,857279,101,Kitchen & Dining,694796,f9b0887c-fa64-4a05-bfea-7b28c0d4a171-000a9a0c,Miele Built-under Dishwasher G 4101 U CS,Miele Built-under Dishwasher G 4101 U CS,Generic Models
88,311,Level 1,e6ac360b-aaed-4c3b-a130-36b4c2ac9d13-000d14bf,857279,101,Kitchen & Dining,802782,7a9742ef-a202-4792-8cca-27795de41a16-000c3fde,SH_Lighting-Pendant-Litecontrol-Mod66-8_Foot_09,P-D-66N28T8,Lighting Fixtures
89,311,Level 1,e6ac360b-aaed-4c3b-a130-36b4c2ac9d13-000d14bf,857279,101,Kitchen & Dining,812954,dfbec04d-911c-4c55-a13d-583fb360e818-000c679a,SH_Lighting-Pendant-Litecontrol-Mod66-8_Foot_09,P-D-66N28T8,Lighting Fixtures
90,311,Level 1,e6ac360b-aaed-4c3b-a130-36b4c2ac9d13-000d14bf,857279,101,Kitchen & Dining,906937,b3a4a465-08e5-441a-bd3e-d967e546d52e-000dd6b9,M_Double-Flush,1730 x 2134mm,Doors
91,311,Level 1,e6ac360b-aaed-4c3b-a130-36b4c2ac9d13-000d14bf,857279,101,Kitchen & Dining,988128,705e25a1-127e-4d76-b5f5-4e766ef073a3-000f13e0,Bar Chair,Bar Chair,Furniture
92,311,Level 1,e6ac360b-aaed-4c3b-a130-36b4c2ac9d13-000d14bf,857279,101,Kitchen & Dining,988396,705e25a1-127e-4d76-b5f5-4e766ef073a3-000f14ec,Bar Chair,Bar Chair,Furniture
93,311,Level 1,e6ac360b-aaed-4c3b-a130-36b4c2ac9d13-000d14bf,857279,101,Kitchen & Dining,988459,705e25a1-127e-4d76-b5f5-4e766ef073a3-000f152b,Bar Chair,Bar Chair,Furniture
94,311,Level 1,e6ac360b-aaed-4c3b-a130-36b4c2ac9d13-000d14bf,857279,101,Kitchen & Dining,988462,705e25a1-127e-4d76-b5f5-4e766ef073a3-000f152e,Bar Chair,Bar Chair,Furniture
95,311,Level 1,e6ac360b-aaed-4c3b-a130-36b4c2ac9d13-000d14bf,857279,101,Kitchen & Dining,988603,705e25a1-127e-4d76-b5f5-4e766ef073a3-000f15bb,Bar Chair,Bar Chair,Furniture
96,311,Level 1,e6ac360b-aaed-4c3b-a130-36b4c2ac9d13-000d14bf,857279,101,Kitchen & Dining,988640,705e25a1-127e-4d76-b5f5-4e766ef073a3-000f15e0,Bar Chair,Bar Chair,Furniture
97,311,Level 1,e6ac360b-aaed-4c3b-a130-36b4c2ac9d13-000d14bf,857279,101,Kitchen & Dining,989344,705e25a1-127e-4d76-b5f5-4e766ef073a3-000f18a0,Table-Dining 01 (M),1800 x 900 mm,Furniture
98,311,Level 1,e6ac360b-aaed-4c3b-a130-36b4c2ac9d13-000d14bf,857279,101,Kitchen & Dining,989521,705e25a1-127e-4d76-b5f5-4e766ef073a3-000f1951,Table-Dining 01 (M),1800 x 900 mm,Furniture
99,311,Level 1,e6ac360b-aaed-4c3b-a130-36b4c2ac9d13-000d14bf,857279,101,Kitchen & Dining,990317,705e25a1-127e-4d76-b5f5-4e766ef073a3-000f1c6d,Dining Chair (3),Dining Chair (3),Furniture
100,311,Level 1,e6ac360b-aaed-4c3b-a130-36b4c2ac9d13-000d14bf,857279,101,Kitchen & Dining,990596,705e25a1-127e-4d76-b5f5-4e766ef073a3-000f1d84,Dining Chair (3),Dining Chair (3),Furniture
101,311,Level 1,e6ac360b-aaed-4c3b-a130-36b4c2ac9d13-000d14bf,857279,101,Kitchen & Dining,990620,705e25a1-127e-4d76-b5f5-4e766ef073a3-000f1d9c,Dining Chair (3),Dining Chair (3),Furniture
102,311,Level 1,e6ac360b-aaed-4c3b-a130-36b4c2ac9d13-000d14bf,857279,101,Kitchen & Dining,990621,705e25a1-127e-4d76-b5f5-4e766ef073a3-000f1d9d,Dining Chair (3),Dining Chair (3),Furniture
103,311,Level 1,e6ac360b-aaed-4c3b-a130-36b4c2ac9d13-000d14bf,857279,101,Kitchen & Dining,990645,705e25a1-127e-4d76-b5f5-4e766ef073a3-000f1db5,Dining Chair (3),Dining Chair (3),Furniture
104,311,Level 1,e6ac360b-aaed-4c3b-a130-36b4c2ac9d13-000d14bf,857279,101,Kitchen & Dining,990646,705e25a1-127e-4d76-b5f5-4e766ef073a3-000f1db6,Dining Chair (3),Dining Chair (3),Furniture
105,311,Level 1,e6ac360b-aaed-4c3b-a130-36b4c2ac9d13-000d14bf,857279,101,Kitchen & Dining,990647,705e25a1-127e-4d76-b5f5-4e766ef073a3-000f1db7,Dining Chair (3),Dining Chair (3),Furniture
106,311,Level 1,e6ac360b-aaed-4c3b-a130-36b4c2ac9d13-000d14bf,857279,101,Kitchen & Dining,990648,705e25a1-127e-4d76-b5f5-4e766ef073a3-000f1db8,Dining Chair (3),Dining Chair (3),Furniture
107,311,Level 1,e6ac360b-aaed-4c3b-a130-36b4c2ac9d13-000d14bf,857279,101,Kitchen & Dining,993980,17d64ad0-d78d-4987-a236-e3b1011abdd3-000f2abc,aalto vase - tall,White,Generic Models
108,311,Level 1,e6ac360b-aaed-4c3b-a130-36b4c2ac9d13-000d14bf,857279,101,Kitchen & Dining,994782,17d64ad0-d78d-4987-a236-e3b1011abdd3-000f2dde,White Porcelain Plate,Fine China - Plate,Generic Models
109,311,Level 1,e6ac360b-aaed-4c3b-a130-36b4c2ac9d13-000d14bf,857279,101,Kitchen & Dining,996881,17d64ad0-d78d-4987-a236-e3b1011abdd3-000f3611,Water Glass,Water Glass,Generic Models
110,311,Level 1,e6ac360b-aaed-4c3b-a130-36b4c2ac9d13-000d14bf,857279,101,Kitchen & Dining,997032,17d64ad0-d78d-4987-a236-e3b1011abdd3-000f36a8,White Porcelain Plate,Fine China - Plate,Generic Models
111,311,Level 1,e6ac360b-aaed-4c3b-a130-36b4c2ac9d13-000d14bf,857279,101,Kitchen & Dining,997033,17d64ad0-d78d-4987-a236-e3b1011abdd3-000f36a9,Water Glass,Water Glass,Generic Models
112,311,Level 1,e6ac360b-aaed-4c3b-a130-36b4c2ac9d13-000d14bf,857279,101,Kitchen & Dining,997050,17d64ad0-d78d-4987-a236-e3b1011abdd3-000f36ba,White Porcelain Plate,Fine China - Plate,Generic Models
113,311,Level 1,e6ac360b-aaed-4c3b-a130-36b4c2ac9d13-000d14bf,857279,101,Kitchen & Dining,997051,17d64ad0-d78d-4987-a236-e3b1011abdd3-000f36bb,Water Glass,Water Glass,Generic Models
114,311,Level 1,e6ac360b-aaed-4c3b-a130-36b4c2ac9d13-000d14bf,857279,101,Kitchen & Dining,997068,17d64ad0-d78d-4987-a236-e3b1011abdd3-000f36cc,White Porcelain Plate,Fine China - Plate,Generic Models
115,311,Level 1,e6ac360b-aaed-4c3b-a130-36b4c2ac9d13-000d14bf,857279,101,Kitchen & Dining,997069,17d64ad0-d78d-4987-a236-e3b1011abdd3-000f36cd,Water Glass,Water Glass,Generic Models
116,311,Level 1,e6ac360b-aaed-4c3b-a130-36b4c2ac9d13-000d14bf,857279,101,Kitchen & Dining,997114,17d64ad0-d78d-4987-a236-e3b1011abdd3-000f36fa,White Porcelain Plate,Fine China - Plate,Generic Models
117,311,Level 1,e6ac360b-aaed-4c3b-a130-36b4c2ac9d13-000d14bf,857279,101,Kitchen & Dining,997115,17d64ad0-d78d-4987-a236-e3b1011abdd3-000f36fb,Water Glass,Water Glass,Generic Models
118,311,Level 1,e6ac360b-aaed-4c3b-a130-36b4c2ac9d13-000d14bf,857279,101,Kitchen & Dining,997116,17d64ad0-d78d-4987-a236-e3b1011abdd3-000f36fc,White Porcelain Plate,Fine China - Plate,Generic Models
119,311,Level 1,e6ac360b-aaed-4c3b-a130-36b4c2ac9d13-000d14bf,857279,101,Kitchen & Dining,997117,17d64ad0-d78d-4987-a236-e3b1011abdd3-000f36fd,Water Glass,Water Glass,Generic Models
120,311,Level 1,e6ac360b-aaed-4c3b-a130-36b4c2ac9d13-000d14bf,857279,101,Kitchen & Dining,997118,17d64ad0-d78d-4987-a236-e3b1011abdd3-000f36fe,White Porcelain Plate,Fine China - Plate,Generic Models
121,311,Level 1,e6ac360b-aaed-4c3b-a130-36b4c2ac9d13-000d14bf,857279,101,Kitchen & Dining,997119,17d64ad0-d78d-4987-a236-e3b1011abdd3-000f36ff,Water Glass,Water Glass,Generic Models
122,311,Level 1,e6ac360b-aaed-4c3b-a130-36b4c2ac9d13-000d14bf,857279,101,Kitchen & Dining,997120,17d64ad0-d78d-4987-a236-e3b1011abdd3-000f3700,White Porcelain Plate,Fine China - Plate,Generic Models
123,311,Level 1,e6ac360b-aaed-4c3b-a130-36b4c2ac9d13-000d14bf,857279,101,Kitchen & Dining,997121,17d64ad0-d78d-4987-a236-e3b1011abdd3-000f3701,Water Glass,Water Glass,Generic Models
124,311,Level 1,e6ac360b-aaed-4c3b-a130-36b4c2ac9d13-000d14bf,857279,101,Kitchen & Dining,176804,203cff26-4c9d-4eb4-93e5-28d28a01f256-0002b2a4,Floor,Generic 150mm,Floors
125,311,Level 1,e6ac360b-aaed-4c3b-a130-36b4c2ac9d13-000d14bf,857279,101,Kitchen & Dining,198749,ef57b02a-5e81-49e7-93bb-ae5f002d921c-0003085d,Basic Wall,Wall - Timber Clad,Walls
126,311,Level 1,e6ac360b-aaed-4c3b-a130-36b4c2ac9d13-000d14bf,857279,101,Kitchen & Dining,977377,ab343b7e-3705-4b87-bacc-33c06a6cee1d-000ee9e1,Curtain Wall,SH_Curtain wall,Walls
127,311,Level 1,e6ac360b-aaed-4c3b-a130-36b4c2ac9d13-000d14bf,857279,101,Kitchen & Dining,847436,98e2f96c-ccbd-4abb-a697-e7e5136106ee-000cee4c,Curtain Wall,SH_Curtain wall,Walls
128,311,Level 1,e6ac360b-aaed-4c3b-a130-36b4c2ac9d13-000d14bf,857279,101,Kitchen & Dining,846939,98e2f96c-ccbd-4abb-a697-e7e5136106ee-000cec5b,Curtain Wall,SH_Curtain wall,Walls
129,311,Level 1,e6ac360b-aaed-4c3b-a130-36b4c2ac9d13-000d14bf,857279,101,Kitchen & Dining,977133,ab343b7e-3705-4b87-bacc-33c06a6cee1d-000ee8ed,Basic Wall,Cavity wall_sliders,Walls
130,311,Level 1,e6ac360b-aaed-4c3b-a130-36b4c2ac9d13-000d14bf,857279,101,Kitchen & Dining,428745,c85e5be0-d8d5-4148-836f-b55e711ef373-00068ac9,Basic Wall,SIP 202mm Wall - conc clad,Walls
131,311,Level 1,e6ac360b-aaed-4c3b-a130-36b4c2ac9d13-000d14bf,857279,101,Kitchen & Dining,425745,7fcc8dca-3132-4323-9d41-faf5184b4f26-00067f11,Basic Wall,Interior - 165 Partition (1-hr),Walls
132,311,Level 1,e6ac360b-aaed-4c3b-a130-36b4c2ac9d13-000d14bf,857279,101,Kitchen & Dining,424922,59371552-5800-43eb-9ba3-609565158fc5-00067bda,Basic Wall,Interior - 165 Partition (1-hr),Walls
133,311,Level 1,e6ac360b-aaed-4c3b-a130-36b4c2ac9d13-000d14bf,857279,101,Kitchen & Dining,414482,ef4ad1cb-015c-4bb6-9030-e7bb82f1dd34-00065312,M_Concrete-Round-Column with Drop Caps,M_1000,Structural Columns
134,311,Level 1,e6ac360b-aaed-4c3b-a130-36b4c2ac9d13-000d14bf,857279,101,Kitchen & Dining,418183,d85573c2-f8d5-46ae-966a-ac82fa18f500-00066187,Floor,Generic 300,Floors
135,311,Level 1,e6ac360b-aaed-4c3b-a130-36b4c2ac9d13-000d14bf,857279,101,Kitchen & Dining,697612,f714ef06-3fa3-4b95-b3e7-bbbd1e6eda49-000aa50c,Compound Ceiling,3000 x 3000mm Grid,Ceilings
136,311,Level 1,e6ac360b-aaed-4c3b-a130-36b4c2ac9d13-000d14cc,857292,104,Laundry,425292,7fcc8dca-3132-4323-9d41-faf5184b4f26-00067d4c,Single-Flush,800 x 2100,Doors
137,311,Level 1,e6ac360b-aaed-4c3b-a130-36b4c2ac9d13-000d14cc,857292,104,Laundry,674370,89b7d9e7-00a9-45d9-8498-e33a7de65df7-000a4a42,Miele Washing Machine W 5820 WPS,Miele Washing Machine W 5820 WPS,Generic Models
138,311,Level 1,e6ac360b-aaed-4c3b-a130-36b4c2ac9d13-000d14cc,857292,104,Laundry,176804,203cff26-4c9d-4eb4-93e5-28d28a01f256-0002b2a4,Floor,Generic 150mm,Floors
139,311,Level 1,e6ac360b-aaed-4c3b-a130-36b4c2ac9d13-000d14cc,857292,104,Laundry,424922,59371552-5800-43eb-9ba3-609565158fc5-00067bda,Basic Wall,Interior - 165 Partition (1-hr),Walls
140,311,Level 1,e6ac360b-aaed-4c3b-a130-36b4c2ac9d13-000d14cc,857292,104,Laundry,425745,7fcc8dca-3132-4323-9d41-faf5184b4f26-00067f11,Basic Wall,Interior - 165 Partition (1-hr),Walls
141,311,Level 1,e6ac360b-aaed-4c3b-a130-36b4c2ac9d13-000d14cc,857292,104,Laundry,977133,ab343b7e-3705-4b87-bacc-33c06a6cee1d-000ee8ed,Basic Wall,Cavity wall_sliders,Walls
142,311,Level 1,e6ac360b-aaed-4c3b-a130-36b4c2ac9d13-000d14cc,857292,104,Laundry,428745,c85e5be0-d8d5-4148-836f-b55e711ef373-00068ac9,Basic Wall,SIP 202mm Wall - conc clad,Walls
143,311,Level 1,e6ac360b-aaed-4c3b-a130-36b4c2ac9d13-000d14cc,857292,104,Laundry,845266,f565bef9-7d27-4781-b8d4-60f4a6034d87-000ce5d2,Basic Wall,Wall - Timber Clad,Walls
144,311,Level 1,e6ac360b-aaed-4c3b-a130-36b4c2ac9d13-000d14cc,857292,104,Laundry,418183,d85573c2-f8d5-46ae-966a-ac82fa18f500-00066187,Floor,Generic 300,Floors
145,311,Level 1,e6ac360b-aaed-4c3b-a130-36b4c2ac9d13-000d1502,857346,103,Bath,422466,59371552-5800-43eb-9ba3-609565158fc5-00067242,Single-Flush,800 x 2100,Doors
146,311,Level 1,e6ac360b-aaed-4c3b-a130-36b4c2ac9d13-000d1502,857346,103,Bath,425292,7fcc8dca-3132-4323-9d41-faf5184b4f26-00067d4c,Single-Flush,800 x 2100,Doors
147,311,Level 1,e6ac360b-aaed-4c3b-a130-36b4c2ac9d13-000d1502,857346,103,Bath,935747,111f9a9a-997b-4ec8-8a29-3d1f7a7179e8-000e4743,Walvit_Hung Bowl_604118 W,Walvit,Generic Models
148,311,Level 1,e6ac360b-aaed-4c3b-a130-36b4c2ac9d13-000d1502,857346,103,Bath,936823,bac06658-19d8-494b-b87a-559081499f8f-000e4b77,Lavatory-TOTO-Luminist_Rectangle_Vessel_LLT151,Standard,Plumbing Fixtures
149,311,Level 1,e6ac360b-aaed-4c3b-a130-36b4c2ac9d13-000d1502,857346,103,Bath,176804,203cff26-4c9d-4eb4-93e5-28d28a01f256-0002b2a4,Floor,Generic 150mm,Floors
150,311,Level 1,e6ac360b-aaed-4c3b-a130-36b4c2ac9d13-000d1502,857346,103,Bath,422243,59371552-5800-43eb-9ba3-609565158fc5-00067163,Basic Wall,Wall - Timber Clad,Walls
151,311,Level 1,e6ac360b-aaed-4c3b-a130-36b4c2ac9d13-000d1502,857346,103,Bath,906885,b3a4a465-08e5-441a-bd3e-d967e546d52e-000dd685,Basic Wall,Interior - 165 Partition (1-hr),Walls
152,311,Level 1,e6ac360b-aaed-4c3b-a130-36b4c2ac9d13-000d1502,857346,103,Bath,424922,59371552-5800-43eb-9ba3-609565158fc5-00067bda,Basic Wall,Interior - 165 Partition (1-hr),Walls
153,311,Level 1,e6ac360b-aaed-4c3b-a130-36b4c2ac9d13-000d1502,857346,103,Bath,845266,f565bef9-7d27-4781-b8d4-60f4a6034d87-000ce5d2,Basic Wall,Wall - Timber Clad,Walls
154,311,Level 1,e6ac360b-aaed-4c3b-a130-36b4c2ac9d13-000d1502,857346,103,Bath,418183,d85573c2-f8d5-46ae-966a-ac82fa18f500-00066187,Floor,Generic 300,Floors
155,311,Level 1,e6ac360b-aaed-4c3b-a130-36b4c2ac9d13-000d15c9,857545,105,Hall,422466,59371552-5800-43eb-9ba3-609565158fc5-00067242,Single-Flush,800 x 2100,Doors
156,311,Level 1,e6ac360b-aaed-4c3b-a130-36b4c2ac9d13-000d15c9,857545,105,Hall,418183,d85573c2-f8d5-46ae-966a-ac82fa18f500-00066187,Floor,Generic 300,Floors
157,311,Level 1,e6ac360b-aaed-4c3b-a130-36b4c2ac9d13-000d15c9,857545,105,Hall,176804,203cff26-4c9d-4eb4-93e5-28d28a01f256-0002b2a4,Floor,Generic 150mm,Floors
158,311,Level 1,e6ac360b-aaed-4c3b-a130-36b4c2ac9d13-000d15c9,857545,105,Hall,418079,72678df9-14a3-4aee-a80e-94a8e55a0926-0006611f,Basic Wall,Wall - Timber Clad,Walls
159,311,Level 1,e6ac360b-aaed-4c3b-a130-36b4c2ac9d13-000d15c9,857545,105,Hall,422243,59371552-5800-43eb-9ba3-609565158fc5-00067163,Basic Wall,Wall - Timber Clad,Walls
160,311,Level 1,e6ac360b-aaed-4c3b-a130-36b4c2ac9d13-000d15c9,857545,105,Hall,845266,f565bef9-7d27-4781-b8d4-60f4a6034d87-000ce5d2,Basic Wall,Wall - Timber Clad,Walls
161,311,Level 1,e6ac360b-aaed-4c3b-a130-36b4c2ac9d13-000d15c9,857545,105,Hall,427092,c85e5be0-d8d5-4148-836f-b55e711ef373-00068454,Basic Wall,Wall - Timber Clad,Walls
162,311,Level 1,e6ac360b-aaed-4c3b-a130-36b4c2ac9d13-000d15c9,857545,105,Hall,724430,1551350c-45e5-41b8-bdf1-bcfa6794dc6a-000b0dce,Basic Roof,Warm Roof - Timber,Roofs
163,311,Level 1,e6ac360b-aaed-4c3b-a130-36b4c2ac9d13-000d15c9,857545,105,Hall,428745,c85e5be0-d8d5-4148-836f-b55e711ef373-00068ac9,Basic Wall,SIP 202mm Wall - conc clad,Walls
164,311,Level 1,e6ac360b-aaed-4c3b-a130-36b4c2ac9d13-000d15d0,857552,106,Living,701300,4d910c58-706e-42b1-84e9-2f2677773ae0-000ab374,fire place hang,fire place hang,Generic Models
165,311,Level 1,e6ac360b-aaed-4c3b-a130-36b4c2ac9d13-000d15d0,857552,106,Living,735739,57f8477a-60e4-4504-911c-957c1b7fc5d4-000b39fb,Seating - Artemis - Lounge chair,Seating - Artemis - Lounge chair,Furniture
166,311,Level 1,e6ac360b-aaed-4c3b-a130-36b4c2ac9d13-000d15d0,857552,106,Living,735853,80c6b7e4-2dd7-4a4e-ae16-489c86c3eac2-000b3a6d,Single Window,Standard,Windows
167,311,Level 1,e6ac360b-aaed-4c3b-a130-36b4c2ac9d13-000d15d0,857552,106,Living,736152,80c6b7e4-2dd7-4a4e-ae16-489c86c3eac2-000b3b98,Single Window,Standard,Windows
168,311,Level 1,e6ac360b-aaed-4c3b-a130-36b4c2ac9d13-000d15d0,857552,106,Living,736223,80c6b7e4-2dd7-4a4e-ae16-489c86c3eac2-000b3bdf,Single Window,Standard,Windows
169,311,Level 1,e6ac360b-aaed-4c3b-a130-36b4c2ac9d13-000d15d0,857552,106,Living,736330,80c6b7e4-2dd7-4a4e-ae16-489c86c3eac2-000b3c4a,Single Window,Standard,Windows
170,311,Level 1,e6ac360b-aaed-4c3b-a130-36b4c2ac9d13-000d15d0,857552,106,Living,736435,80c6b7e4-2dd7-4a4e-ae16-489c86c3eac2-000b3cb3,Seating - Artemis - Lounge chair,Seating - Artemis - Lounge chair,Furniture
171,311,Level 1,e6ac360b-aaed-4c3b-a130-36b4c2ac9d13-000d15d0,857552,106,Living,744522,80c6b7e4-2dd7-4a4e-ae16-489c86c3eac2-000b5c4a,Single Window,Standard,Windows
172,311,Level 1,e6ac360b-aaed-4c3b-a130-36b4c2ac9d13-000d15d0,857552,106,Living,744523,80c6b7e4-2dd7-4a4e-ae16-489c86c3eac2-000b5c4b,Single Window,Standard,Windows
173,311,Level 1,e6ac360b-aaed-4c3b-a130-36b4c2ac9d13-000d15d0,857552,106,Living,744524,80c6b7e4-2dd7-4a4e-ae16-489c86c3eac2-000b5c4c,Single Window,Standard,Windows
174,311,Level 1,e6ac360b-aaed-4c3b-a130-36b4c2ac9d13-000d15d0,857552,106,Living,744525,80c6b7e4-2dd7-4a4e-ae16-489c86c3eac2-000b5c4d,Single Window,Standard,Windows
175,311,Level 1,e6ac360b-aaed-4c3b-a130-36b4c2ac9d13-000d15d0,857552,106,Living,757198,df146ad3-a574-4183-b3dd-a6f6589001b3-000b8dce,Trck_BswySystms_Cooper_RSA_Profile Series_AR111 Closed Back Integral Xfmr,Trck_BswySystms_Cooper_RSA_Profile Series_AR111 Closed Back Integral Xfmr,Lighting Fixtures
176,311,Level 1,e6ac360b-aaed-4c3b-a130-36b4c2ac9d13-000d15d0,857552,106,Living,767797,c82e0dd9-31e8-407e-a294-c30431c2fda3-000bb735,Trck_BswySystms_Cooper_RSA_Profile Series_AR111 Closed Back Integral Xfmr,Trck_BswySystms_Cooper_RSA_Profile Series_AR111 Closed Back Integral Xfmr,Lighting Fixtures
177,311,Level 1,e6ac360b-aaed-4c3b-a130-36b4c2ac9d13-000d15d0,857552,106,Living,767856,c82e0dd9-31e8-407e-a294-c30431c2fda3-000bb770,Trck_BswySystms_Cooper_RSA_Profile Series_AR111 Closed Back Integral Xfmr,Trck_BswySystms_Cooper_RSA_Profile Series_AR111 Closed Back Integral Xfmr,Lighting Fixtures
178,311,Level 1,e6ac360b-aaed-4c3b-a130-36b4c2ac9d13-000d15d0,857552,106,Living,767857,c82e0dd9-31e8-407e-a294-c30431c2fda3-000bb771,Trck_BswySystms_Cooper_RSA_Profile Series_AR111 Closed Back Integral Xfmr,Trck_BswySystms_Cooper_RSA_Profile Series_AR111 Closed Back Integral Xfmr,Lighting Fixtures
179,311,Level 1,e6ac360b-aaed-4c3b-a130-36b4c2ac9d13-000d15d0,857552,106,Living,767870,c82e0dd9-31e8-407e-a294-c30431c2fda3-000bb77e,Trck_BswySystms_Cooper_RSA_Profile Series_AR111 Closed Back Integral Xfmr,Trck_BswySystms_Cooper_RSA_Profile Series_AR111 Closed Back Integral Xfmr,Lighting Fixtures
180,311,Level 1,e6ac360b-aaed-4c3b-a130-36b4c2ac9d13-000d15d0,857552,106,Living,767871,c82e0dd9-31e8-407e-a294-c30431c2fda3-000bb77f,Trck_BswySystms_Cooper_RSA_Profile Series_AR111 Closed Back Integral Xfmr,Trck_BswySystms_Cooper_RSA_Profile Series_AR111 Closed Back Integral Xfmr,Lighting Fixtures
181,311,Level 1,e6ac360b-aaed-4c3b-a130-36b4c2ac9d13-000d15d0,857552,106,Living,767916,c82e0dd9-31e8-407e-a294-c30431c2fda3-000bb7ac,Trck_BswySystms_Cooper_RSA_Profile Series_AR111 Closed Back Integral Xfmr,Trck_BswySystms_Cooper_RSA_Profile Series_AR111 Closed Back Integral Xfmr,Lighting Fixtures
182,311,Level 1,e6ac360b-aaed-4c3b-a130-36b4c2ac9d13-000d15d0,857552,106,Living,767917,c82e0dd9-31e8-407e-a294-c30431c2fda3-000bb7ad,Trck_BswySystms_Cooper_RSA_Profile Series_AR111 Closed Back Integral Xfmr,Trck_BswySystms_Cooper_RSA_Profile Series_AR111 Closed Back Integral Xfmr,Lighting Fixtures
183,311,Level 1,e6ac360b-aaed-4c3b-a130-36b4c2ac9d13-000d15d0,857552,106,Living,981963,6b947320-bbcc-4f13-964d-b6403cf5dd5c-000efbcb,Seat - Single with Island,Model with Island,Furniture
184,311,Level 1,e6ac360b-aaed-4c3b-a130-36b4c2ac9d13-000d15d0,857552,106,Living,982762,6b947320-bbcc-4f13-964d-b6403cf5dd5c-000efeea,Sofa - Ottoman,W600XD600,Furniture
185,311,Level 1,e6ac360b-aaed-4c3b-a130-36b4c2ac9d13-000d15d0,857552,106,Living,983030,99975ae8-4923-4142-9a90-6d9603fcba60-000efff6,Sofa - Ottoman,W600XD600 2,Furniture
186,311,Level 1,e6ac360b-aaed-4c3b-a130-36b4c2ac9d13-000d15d0,857552,106,Living,983156,99975ae8-4923-4142-9a90-6d9603fcba60-000f0074,Sofa - Ottoman,W600XD600,Furniture
187,311,Level 1,e6ac360b-aaed-4c3b-a130-36b4c2ac9d13-000d15d0,857552,106,Living,983164,99975ae8-4923-4142-9a90-6d9603fcba60-000f007c,Sofa - Ottoman,W600XD600,Furniture
188,311,Level 1,e6ac360b-aaed-4c3b-a130-36b4c2ac9d13-000d15d0,857552,106,Living,983236,99975ae8-4923-4142-9a90-6d9603fcba60-000f00c4,Sofa - Ottoman,W600XD600,Furniture
189,311,Level 1,e6ac360b-aaed-4c3b-a130-36b4c2ac9d13-000d15d0,857552,106,Living,983306,99975ae8-4923-4142-9a90-6d9603fcba60-000f010a,Sofa - Ottoman,W600XD600 2,Furniture
190,311,Level 1,e6ac360b-aaed-4c3b-a130-36b4c2ac9d13-000d15d0,857552,106,Living,983388,99975ae8-4923-4142-9a90-6d9603fcba60-000f015c,Sofa - Ottoman,W600XD600,Furniture
191,311,Level 1,e6ac360b-aaed-4c3b-a130-36b4c2ac9d13-000d15d0,857552,106,Living,984486,99975ae8-4923-4142-9a90-6d9603fcba60-000f05a6,Cabinet 1,W1500XD400XH530,Furniture
192,311,Level 1,e6ac360b-aaed-4c3b-a130-36b4c2ac9d13-000d15d0,857552,106,Living,985756,705e25a1-127e-4d76-b5f5-4e766ef073a3-000f0a9c,M_TV - Flat Screen,0810mm,Furniture
193,311,Level 1,e6ac360b-aaed-4c3b-a130-36b4c2ac9d13-000d15d0,857552,106,Living,987054,705e25a1-127e-4d76-b5f5-4e766ef073a3-000f0fae,Side Table 2 (2),Side Table 2 (2),Furniture
194,311,Level 1,e6ac360b-aaed-4c3b-a130-36b4c2ac9d13-000d15d0,857552,106,Living,987167,705e25a1-127e-4d76-b5f5-4e766ef073a3-000f101f,Side Table 2 (2),Side Table 2 (2),Furniture
195,311,Level 1,e6ac360b-aaed-4c3b-a130-36b4c2ac9d13-000d15d0,857552,106,Living,427092,c85e5be0-d8d5-4148-836f-b55e711ef373-00068454,Basic Wall,Wall - Timber Clad,Walls
196,311,Level 1,e6ac360b-aaed-4c3b-a130-36b4c2ac9d13-000d15d0,857552,106,Living,977133,ab343b7e-3705-4b87-bacc-33c06a6cee1d-000ee8ed,Basic Wall,Cavity wall_sliders,Walls
197,311,Level 1,e6ac360b-aaed-4c3b-a130-36b4c2ac9d13-000d15d0,857552,106,Living,849032,98e2f96c-ccbd-4abb-a697-e7e5136106ee-000cf488,Basic Wall,Wall - Timber Clad,Walls
198,311,Level 1,e6ac360b-aaed-4c3b-a130-36b4c2ac9d13-000d15d0,857552,106,Living,704275,555aa063-b8a7-4b4f-ae07-ad835f8857bb-000abf13,Curtain Wall,SH_Curtain wall,Walls
199,311,Level 1,e6ac360b-aaed-4c3b-a130-36b4c2ac9d13-000d15d0,857552,106,Living,655533,87beca50-3847-4f14-8281-4eb8890e91b0-000a00ad,Basic Wall,Wall - Timber Clad,Walls
200,311,Level 1,e6ac360b-aaed-4c3b-a130-36b4c2ac9d13-000d15d0,857552,106,Living,512683,1970f67d-62ee-4fc6-9008-0a9f00762fe0-0007d2ab,Floor,Timber Suspended Floor,Floors
201,311,Level 1,e6ac360b-aaed-4c3b-a130-36b4c2ac9d13-000d15d0,857552,106,Living,724430,1551350c-45e5-41b8-bdf1-bcfa6794dc6a-000b0dce,Basic Roof,Warm Roof - Timber,Roofs
202,311,Level 1,b3a4a465-08e5-441a-bd3e-d967e546d52e-000dd6aa,906922,102,Mech.,906937,b3a4a465-08e5-441a-bd3e-d967e546d52e-000dd6b9,M_Double-Flush,1730 x 2134mm,Doors
203,311,Level 1,b3a4a465-08e5-441a-bd3e-d967e546d52e-000dd6aa,906922,102,Mech.,176804,203cff26-4c9d-4eb4-93e5-28d28a01f256-0002b2a4,Floor,Generic 150mm,Floors
204,311,Level 1,b3a4a465-08e5-441a-bd3e-d967e546d52e-000dd6aa,906922,102,Mech.,198749,ef57b02a-5e81-49e7-93bb-ae5f002d921c-0003085d,Basic Wall,Wall - Timber Clad,Walls
205,311,Level 1,b3a4a465-08e5-441a-bd3e-d967e546d52e-000dd6aa,906922,102,Mech.,424922,59371552-5800-43eb-9ba3-609565158fc5-00067bda,Basic Wall,Interior - 165 Partition (1-hr),Walls
206,311,Level 1,b3a4a465-08e5-441a-bd3e-d967e546d52e-000dd6aa,906922,102,Mech.,906885,b3a4a465-08e5-441a-bd3e-d967e546d52e-000dd685,Basic Wall,Interior - 165 Partition (1-hr),Walls
207,311,Level 1,b3a4a465-08e5-441a-bd3e-d967e546d52e-000dd6aa,906922,102,Mech.,422243,59371552-5800-43eb-9ba3-609565158fc5-00067163,Basic Wall,Wall - Timber Clad,Walls
208,311,Level 1,b3a4a465-08e5-441a-bd3e-d967e546d52e-000dd6aa,906922,102,Mech.,418183,d85573c2-f8d5-46ae-966a-ac82fa18f500-00066187,Floor,Generic 300,Floors
209,245423,Level 2,bac06658-19d8-494b-b87a-559081499f8f-000e5925,940325,208,Linen,418183,d85573c2-f8d5-46ae-966a-ac82fa18f500-00066187,Floor,Generic 300,Floors
210,245423,Level 2,bac06658-19d8-494b-b87a-559081499f8f-000e5925,940325,208,Linen,430064,2fc77d67-1af0-4a43-aa66-c544d411df04-00068ff0,Basic Wall,Interior - Partition,Walls
211,245423,Level 2,bac06658-19d8-494b-b87a-559081499f8f-000e5925,940325,208,Linen,430318,2fc77d67-1af0-4a43-aa66-c544d411df04-000690ee,Basic Wall,Interior - Partition,Walls
212,245423,Level 2,bac06658-19d8-494b-b87a-559081499f8f-000e5925,940325,208,Linen,939084,bac06658-19d8-494b-b87a-559081499f8f-000e544c,Basic Wall,Interior - Partition,Walls
213,245423,Level 2,bac06658-19d8-494b-b87a-559081499f8f-000e5925,940325,208,Linen,938974,bac06658-19d8-494b-b87a-559081499f8f-000e53de,Basic Wall,Interior - Partition,Walls
214,245423,Level 2,bac06658-19d8-494b-b87a-559081499f8f-000e5925,940325,208,Linen,243274,a6aa132d-ccd7-408f-b2f9-ed67350c8c3a-0003b64a,Basic Roof,SG Metal Panels roof,Roofs
